{
    "h.a1": " التنفس المتماسك ",
    "h.a2": " المستوى: مبتدئ ",
    "h.a3": " يُستخدم من أجل: ",
    "h.a4": " الهدوء، توازن التوتر ",
    "h.a5": " التنفس الحجابي العميق ",
    "h.a6": " المستوى: مبتدئ ",
    "h.a7": " يُستخدم من أجل: ",
    "h.a8": " الاسترخاء، الوعي بالجسم ",
    "h.a9": " التنفس عبر الشفاه ",
    "h.a10": " المستوى: مبتدئ ",
    "h.a11": " يُستخدم من أجل: ",
    "h.a12": " ضيق التنفس، الذعر ",
    "h.a13": " تنفس الصندوق (4-4-4-4) ",
    "h.a14": " المستوى: مبتدئ ",
    "h.a15": " يُستخدم من أجل: ",
    "h.a16": " التركيز، القلق، لحظات التوتر ",
    "h.a17": " التنفس من فتحتي الأنف بالتناوب ",
    "h.a18": " المستوى: متوسط ",
    "h.a19": " يُستخدم من أجل: ",
    "h.a20": " التوازن، الصفاء، اليقظة ",
    "h.a21": " التنفس 1:2 ",
    "h.a22": " المستوى: متوسط ",
    "h.a23": " يُستخدم من أجل: ",
    "h.a24": " القلق، التوتر العصبي ",
    "h.a25": " التنفس الرنيني ",
    "h.a26": " المستوى: متوسط ",
    "h.a27": " يُستخدم من أجل: ",
    "h.a28": " تحفيز العصب المبهم، الراحة ",
    "h.a29": " التنفس 4-7-8 ",
    "h.a30": " المستوى: متوسط ",
    "h.a31": " يُستخدم من أجل: ",
    "h.a32": " النوم، القلق، الهدوء ",
    "h.a33": " التنفس المنشط ",
    "h.a34": " المستوى: متقدم ",
    "h.a35": " يُستخدم من أجل: ",
    "h.a36": " الطاقة، اليقظة ",
    "h.a37": " تنفس ويم هوف ",
    "h.a38": " المستوى: متقدم ",
    "h.a39": " يُستخدم من أجل: ",
    "h.a40": " التحمل، التركيز، التعرض للبرد ",
    "h.a41": " كرر لمدة 3 إلى 5 دقائق أو 18 إلى 30 مرة. ",
    "h.a42": " استلقِ أو اجلس بشكل مريح واستمر لمدة 2 إلى 10 دقائق أو 12 إلى 20 مرة. ",
    "h.a43": " استنشق من الأنف لمدة ثانيتين، ازفر من خلال الشفاه لمدة 4 ثوانٍ، لمدة 1 إلى 3 دقائق أو 10 إلى 30 مرة. ",
    "h.a44": " للأشخاص الذين يعانون من مشاكل في القلب أو قلق شديد، يجب توخي الحذر. ابدأ ببطء واستمر لمدة 3 إلى 5 دقائق أو 11 إلى 18 مرة. ",
    "h.a45": " أغلق فتحة الأنف اليمنى برفق، استنشق لمدة 4 ثوانٍ، ثم أغلق اليسرى وازفر لمدة 4 ثوانٍ، وكرر بالتناوب. ",
    "h.a46": " كرر لمدة 2 إلى 5 دقائق أو 10 إلى 25 مرة. ",
    "h.a47": " كرر لمدة 5 إلى 10 دقائق أو 30 إلى 60 مرة. ",
    "h.a48": " كرر من 4 إلى 6 مرات. قد يسبب دوارًا في البداية، لذا قم بالتمرين في مكان آمن. ",
    "h.a49": " كرر 3 مرات مع راحة 30 ثانية بين كل مرة. لا تفرط في ذلك ولا يُنصح به للأطفال أو لمن يعانون من ارتفاع ضغط الدم. ",
    "h.a50": " كرر لمدة 3 إلى 4 دقائق. لا يُوصى به لمن يعانون من مشاكل صحية مزمنة. قم به أثناء الجلوس وتجنب القيام به أثناء الاستحمام أو القيادة. ",
    "h.b1": " رجوع ",
    "h.b2": " جدول ",
    "h.t1": " ابدأ ",
    "notif_morning_title": "صباح الخير يا صديقي! 🌞",
    "notif_morning_body": "سمعت إنك صحيت بدري — لا تنسَ تمارينك!",
    "notif_noon_title": "يا سلام، الوقت طار وصار الظهر! 😅",
    "notif_noon_body": "كنت ناوي تتمرن، صح؟",
    "notif_evening_title": "الجو رائع اليوم!",
    "notif_evening_body": "ممتاز للتنفس والراحة. 🌤️"
}