{
    "h.a1": " 协调呼吸 ",
    "h.a2": " 等级：初学者 ",
    "h.a3": " 用于： ",
    "h.a4": " 平静、减压平衡 ",
    "h.a5": " 深层膈肌呼吸 ",
    "h.a6": " 等级：初学者 ",
    "h.a7": " 用于： ",
    "h.a8": " 放松、身体觉察 ",
    "h.a9": " 撅嘴呼吸 ",
    "h.a10": " 等级：初学者 ",
    "h.a11": " 用于： ",
    "h.a12": " 呼吸急促、惊慌 ",
    "h.a13": " 盒式呼吸 (Box Breathing 4-4-4-4) ",
    "h.a14": " 等级：初学者 ",
    "h.a15": " 用于： ",
    "h.a16": " 专注、焦虑、压力时刻 ",
    "h.a17": " 交替鼻孔呼吸 ",
    "h.a18": " 等级：中级 ",
    "h.a19": " 用于： ",
    "h.a20": " 平衡、清晰、正念 ",
    "h.a21": " 1:2 呼吸法 ",
    "h.a22": " 等级：中级 ",
    "h.a23": " 用于： ",
    "h.a24": " 焦虑、紧张 ",
    "h.a25": " 共振呼吸 ",
    "h.a26": " 等级：中级 ",
    "h.a27": " 用于： ",
    "h.a28": " 迷走神经刺激、休息 ",
    "h.a29": " 4-7-8 呼吸法 ",
    "h.a30": " 等级：中级 ",
    "h.a31": " 用于： ",
    "h.a32": " 睡眠、焦虑、平静 ",
    "h.a33": " 激励呼吸 ",
    "h.a34": " 等级：高级 ",
    "h.a35": " 用于： ",
    "h.a36": " 能量、清醒 ",
    "h.a37": " Wim Hof 呼吸法 ",
    "h.a38": " 等级：高级 ",
    "h.a39": " 用于： ",
    "h.a40": " 耐力、专注、冷暴露训练 ",
    "h.a41": " 重复 3–5 分钟或 18–30 次。 ",
    "h.a42": " 躺下或舒适地坐着，持续 2–10 分钟或 12–20 次。 ",
    "h.a43": " 通过鼻子吸气 2 秒，通过撅嘴呼气 4 秒，持续 1–3 分钟或 10–30 次。 ",
    "h.a44": " 有心脏病或严重焦虑的人需格外小心。慢慢开始，持续 3–5 分钟或 11–18 次。 ",
    "h.a45": " 轻轻关闭右鼻孔，吸气 4 秒，再关闭左鼻孔呼气 4 秒，交替进行。 ",
    "h.a46": " 重复 2–5 分钟或 10–25 次。 ",
    "h.a47": " 重复 5–10 分钟或 30–60 次。 ",
    "h.a48": " 重复 4–6 次。初学时可能会头晕，请在安全的地方练习。 ",
    "h.a49": " 重复 3 次，每次间隔 30 秒。不要过度，不适合儿童或高血压者。 ",
    "h.a50": " 重复 3–4 分钟。不建议有健康问题的人进行。请坐着练习，避免在淋浴或开车时进行。 ",
    "h.b1": " 返回 ",
    "h.b2": " 图表 ",
    "h.t1": " 开始 ",
    "notif_morning_title": "早啊兄弟！🌞",
    "notif_morning_body": "听说你起得早，别忘了锻炼！",
    "notif_noon_title": "哎呀，已经中午啦！",
    "notif_noon_body": "还记得要去训练吗？",
    "notif_evening_title": "天气真棒！",
    "notif_evening_body": "适合深呼吸的好时候。🌤️"
}