{
    "h.a1": " Kohärente Atmung ",
    "h.a2": " Stufe: Anfänger ",
    "h.a3": " Verwendung für: ",
    "h.a4": " Ruhe, Stressausgleich ",
    "h.a5": " Tiefe Zwerchfellatmung ",
    "h.a6": " Stufe: Anfänger ",
    "h.a7": " Verwendung für: ",
    "h.a8": " Entspannung, Körperbewusstsein ",
    "h.a9": " Lippenbremse-Atmung ",
    "h.a10": " Stufe: Anfänger ",
    "h.a11": " Verwendung für: ",
    "h.a12": " Kurzatmigkeit, Panik ",
    "h.a13": " Boxatmung (4-4-4-4) ",
    "h.a14": " Stufe: Anfänger ",
    "h.a15": " Verwendung für: ",
    "h.a16": " Fokus, Angst, Stressmomente ",
    "h.a17": " Wechselatmung durch die Nasenlöcher ",
    "h.a18": " Stufe: Mittelstufe ",
    "h.a19": " Verwendung für: ",
    "h.a20": " Gleichgewicht, Klarheit, Achtsamkeit ",
    "h.a21": " Atmung 1:2 ",
    "h.a22": " Stufe: Mittelstufe ",
    "h.a23": " Verwendung für: ",
    "h.a24": " Angst, Nervosität ",
    "h.a25": " Resonanzatmung ",
    "h.a26": " Stufe: Mittelstufe ",
    "h.a27": " Verwendung für: ",
    "h.a28": " Vagusnerv-Stimulation, Ruhe ",
    "h.a29": " Atmung 4-7-8 ",
    "h.a30": " Stufe: Mittelstufe ",
    "h.a31": " Verwendung für: ",
    "h.a32": " Schlaf, Angst, Ruhe ",
    "h.a33": " Aktivierende Atmung ",
    "h.a34": " Stufe: Fortgeschritten ",
    "h.a35": " Verwendung für: ",
    "h.a36": " Energie, Wachsamkeit ",
    "h.a37": " Wim-Hof-Atmung ",
    "h.a38": " Stufe: Fortgeschritten ",
    "h.a39": " Verwendung für: ",
    "h.a40": " Ausdauer, Fokus, Kälteeinwirkung ",
    "h.a41": " Wiederhole 3 bis 5 Minuten oder 18 bis 30 Mal. ",
    "h.a42": " Lege dich hin oder setze dich bequem hin und fahre 2 bis 10 Minuten oder 12 bis 20 Mal fort. ",
    "h.a43": " Atme 2 Sekunden durch die Nase ein, 4 Sekunden durch gespitzte Lippen aus, für 1 bis 3 Minuten oder 10 bis 30 Mal. ",
    "h.a44": " Bei Herzproblemen oder starker Angst ist Vorsicht geboten. Beginne langsam und übe 3 bis 5 Minuten oder 11 bis 18 Mal. ",
    "h.a45": " Schließe sanft das rechte Nasenloch, atme 4 Sekunden ein, dann das linke schließen und 4 Sekunden ausatmen, im Wechsel. ",
    "h.a46": " Wiederhole 2 bis 5 Minuten oder 10 bis 25 Mal. ",
    "h.a47": " Wiederhole 5 bis 10 Minuten oder 30 bis 60 Mal. ",
    "h.a48": " Wiederhole 4 bis 6 Mal. Kann anfangs Schwindel verursachen, daher an einem sicheren Ort üben. ",
    "h.a49": " Wiederhole 3 Mal mit 30 Sekunden Pause dazwischen. Nicht übertreiben und nicht für Kinder oder Personen mit Bluthochdruck geeignet. ",
    "h.a50": " Wiederhole 3 bis 4 Minuten. Nicht empfohlen für Personen mit gesundheitlichen Problemen. Im Sitzen durchführen und nicht unter der Dusche oder beim Fahren. ",
    "h.b1": " zurück ",
    "h.b2": " Diagramm ",
    "h.t1": " starten ",
    "notif_morning_title": "Guten Morgen, Kumpel! 🌞",
    "notif_morning_body": "Früh aufgestanden? Vergiss dein Training nicht!",
    "notif_noon_title": "Wow, schon Mittag! 😅",
    "notif_noon_body": "Du wolltest doch trainieren, oder?",
    "notif_evening_title": "Tolles Wetter heute!",
    "notif_evening_body": "Perfekt zum Durchatmen. 🌤️"
}