{
    "h.a1": " Coherent Breathing ",
    "h.a2": " Level : Beginner ",
    "h.a3": " Use for : ",
    "h.a4": " Calm, Stress Balance ",
    "h.a5": " Deep Diaphragmatic Breathing ",
    "h.a6": " Level : Beginner ",
    "h.a7": " Use for : ",
    "h.a8": " Relaxation, Body awareness ",
    "h.a9": " Pursed-Lip Breathing ",
    "h.a10": " Level : Beginner ",
    "h.a11": " Use for : ",
    "h.a12": " Shortness of breath, Panic ",
    "h.a13": " Box Breathing (4-4-4-4) ",
    "h.a14": " Level : Beginner ",
    "h.a15": " Use for : ",
    "h.a16": " Focus, Anxiety, Stress moments ",
    "h.a17": " Alternate Nostril Breathing ",
    "h.a18": " Level : Intermediate ",
    "h.a19": " Use for : ",
    "h.a20": " Balance, Clarity, Mindfulness ",
    "h.a21": " Breathing 1:2 ",
    "h.a22": " Level : Intermediate ",
    "h.a23": " Use for : ",
    "h.a24": " Anxiety, Nervousness ",
    "h.a25": " Resonant Breathing ",
    "h.a26": " Level : Intermediate ",
    "h.a27": " Use for : ",
    "h.a28": " Vagus stimulation, Rest ",
    "h.a29": " Breathing 4-7-8 ",
    "h.a30": " Level : Intermediate ",
    "h.a31": " Use for : ",
    "h.a32": " Sleep, Anxiety, Calm ",
    "h.a33": " Stimulating Breath ",
    "h.a34": " Level : Advanced ",
    "h.a35": " Use for : ",
    "h.a36": " Energy, Wakefulness ",
    "h.a37": " Wim Hof Breathing ",
    "h.a38": " Level : Advanced ",
    "h.a39": " Use for : ",
    "h.a40": " Endurance, Focus, Cold exposure ",
    "h.a41": " Repeat for 3 to 5 minutes or 18 to 30 times. ",
    "h.a42": " Lie down or sit comfortably and continue for 2 to 10 minutes or 12 to 20 times. ",
    "h.a43": " Inhale through the nose for 2 seconds, exhale through pursed lips for 4 seconds,for 1 to 3 minutes or 10 to 30 times. ",
    "h.a44": " For individuals with heart problems or severe anxiety, extra caution is needed.Start slowly and continue for 3 to 5 minutes or 11 to 18 times. ",
    "h.a45": " Gently close the right nostril, inhale for 4 seconds, then close the left nostril and exhale for 4 seconds, and alternate. ",
    "h.a46": " Repeat for 2 to 5 minutes or 10 to 25 times. ",
    "h.a47": " Repeat for 5 to 10 minutes or 30 to 60 times. ",
    "h.a48": " Repeat 4 to 6 times. It may cause dizziness at first, so practice in a safe place. ",
    "h.a49": " Repeat 3 times with 30 seconds of rest in between. Should not be overdone and is not suitable for children or individuals with high blood pressure. ",
    "h.a50": " Repeat for 3 to 4 minutes. Not recommended for individuals with underlying health conditions. Perform while sitting and avoid doing it in the shower or while driving. ",
    "h.b1": " back ",
    "h.b2": " Chart ",
    "h.t1": " start ",
    "notif_morning_title": "Morning, champ! 🌞",
    "notif_morning_body": "Heard you woke up early — don’t skip your practice!",
    "notif_noon_title": "Whoa, it’s already noon!",
    "notif_noon_body": "You were about to work out, right?",
    "notif_evening_title": "What a day!",
    "notif_evening_body": "Feels great to breathe fresh air. 🌤️"
}