{
    "h.a1": " Respiración coherente ",
    "h.a2": " Nivel: Principiante ",
    "h.a3": " Uso para: ",
    "h.a4": " Calma, equilibrio del estrés ",
    "h.a5": " Respiración diafragmática profunda ",
    "h.a6": " Nivel: Principiante ",
    "h.a7": " Uso para: ",
    "h.a8": " Relajación, conciencia corporal ",
    "h.a9": " Respiración con labios fruncidos ",
    "h.a10": " Nivel: Principiante ",
    "h.a11": " Uso para: ",
    "h.a12": " Falta de aire, pánico ",
    "h.a13": " Respiración cuadrada (4-4-4-4) ",
    "h.a14": " Nivel: Principiante ",
    "h.a15": " Uso para: ",
    "h.a16": " Enfoque, ansiedad, momentos de estrés ",
    "h.a17": " Respiración alternada por las fosas nasales ",
    "h.a18": " Nivel: Intermedio ",
    "h.a19": " Uso para: ",
    "h.a20": " Equilibrio, claridad, atención plena ",
    "h.a21": " Respiración 1:2 ",
    "h.a22": " Nivel: Intermedio ",
    "h.a23": " Uso para: ",
    "h.a24": " Ansiedad, nerviosismo ",
    "h.a25": " Respiración resonante ",
    "h.a26": " Nivel: Intermedio ",
    "h.a27": " Uso para: ",
    "h.a28": " Estimulación del nervio vago, descanso ",
    "h.a29": " Respiración 4-7-8 ",
    "h.a30": " Nivel: Intermedio ",
    "h.a31": " Uso para: ",
    "h.a32": " Sueño, ansiedad, calma ",
    "h.a33": " Respiración estimulante ",
    "h.a34": " Nivel: Avanzado ",
    "h.a35": " Uso para: ",
    "h.a36": " Energía, estado de alerta ",
    "h.a37": " Respiración Wim Hof ",
    "h.a38": " Nivel: Avanzado ",
    "h.a39": " Uso para: ",
    "h.a40": " Resistencia, concentración, exposición al frío ",
    "h.a41": " Repite durante 3 a 5 minutos o 18 a 30 veces. ",
    "h.a42": " Acuéstate o siéntate cómodamente y continúa durante 2 a 10 minutos o 12 a 20 veces. ",
    "h.a43": " Inhala por la nariz durante 2 segundos, exhala por los labios durante 4 segundos, durante 1 a 3 minutos o 10 a 30 veces. ",
    "h.a44": " Para personas con problemas cardíacos o ansiedad severa, tenga precaución. Comience despacio y continúe durante 3 a 5 minutos o 11 a 18 veces. ",
    "h.a45": " Cierra suavemente la fosa nasal derecha, inhala 4 segundos, luego cierra la izquierda y exhala 4 segundos, y alterna. ",
    "h.a46": " Repite durante 2 a 5 minutos o 10 a 25 veces. ",
    "h.a47": " Repite durante 5 a 10 minutos o 30 a 60 veces. ",
    "h.a48": " Repite de 4 a 6 veces. Puede causar mareos al principio, así que practica en un lugar seguro. ",
    "h.a49": " Repite 3 veces con 30 segundos de descanso entre cada una. No excederse y no recomendado para niños o personas con presión alta. ",
    "h.a50": " Repite durante 3 a 4 minutos. No recomendado para personas con problemas de salud. Hazlo sentado y evita hacerlo en la ducha o conduciendo. ",
    "h.b1": " atrás ",
    "h.b2": " Cuadro ",
    "h.t1": " comenzar ",
    "notif_morning_title": "¡Buenos días, bro! 🌞",
    "notif_morning_body": "Escuché que te levantaste temprano — ¡no te saltes el entrenamiento!",
    "notif_noon_title": "¡Wow, ya es mediodía! 😅",
    "notif_noon_body": "¿Ibas a entrenar, verdad?",
    "notif_evening_title": "¡Qué buen clima!",
    "notif_evening_body": "Perfecto para respirar aire fresco. 🌤️"
}