{
    "h.a1": " تنفس منسجم ",
    "h.a2": " سطح: مبتدی ",
    "h.a3": " : کاربرد برای ",
    "h.a4": " آرامش، تعادل استرس ",
    "h.a5": " تنفس عمیق دیافراگمی ",
    "h.a6": " سطح: مبتدی ",
    "h.a7": " : کاربرد برای ",
    "h.a8": " آرامش، آگاهی از بدن ",
    "h.a9": " تنفس با لب‌های غنچه‌شده ",
    "h.a10": " سطح: مبتدی ",
    "h.a11": " : کاربرد برای ",
    "h.a12": " تنگی نفس، حمله پانیک ",
    "h.a13": " تنفس جعبه‌ای (۴-۴-۴-۴) ",
    "h.a14": " سطح: مبتدی ",
    "h.a15": " : کاربرد برای ",
    "h.a16": " تمرکز، اضطراب، لحظات استرس ",
    "h.a17": " تنفس متناوب از طریق سوراخ‌های بینی ",
    "h.a18": " سطح: متوسط ",
    "h.a19": " : کاربرد برای ",
    "h.a20": " تعادل، وضوح ذهن، ذهن‌آگاهی ",
    "h.a21": " تنفس ۱:۲ ",
    "h.a22": " سطح: متوسط ",
    "h.a23": " : کاربرد برای ",
    "h.a24": " اضطراب، عصبی بودن ",
    "h.a25": " تنفس رزونانسی ",
    "h.a26": " سطح: متوسط ",
    "h.a27": " : کاربرد برای ",
    "h.a28": " تحریک عصب واگ، استراحت ",
    "h.a29": " تنفس ۴-۷-۸ ",
    "h.a30": " سطح: متوسط ",
    "h.a31": " : کاربرد برای ",
    "h.a32": " خواب، اضطراب، آرامش ",
    "h.a33": " تنفس تحریک‌ کننده ",
    "h.a34": " سطح: پیشرفته ",
    "h.a35": " : کاربرد برای ",
    "h.a36": " انرژی، هوشیاری ",
    "h.a37": " تنفس ویم هاف ",
    "h.a38": " سطح: پیشرفته ",
    "h.a39": " : کاربرد برای ",
    "h.a40": " استقامت، تمرکز، مواجهه با سرما ",
    "h.a41": " تکرار به مدت ۳ تا ۵ دقیقه یا ۱۸ تا ۳۰ بار  ",
    "h.a42": " به پشت دراز بکشید یا راحت بنشینید و ادامه دهید به مدت ۲ تا ۱۰ دقیقه یا ۱۲ تا ۲۰ بار ",
    "h.a43": " از طریق بینی به مدت ۲ ثانیه دم بگیرید، و از طریق لب‌های غنچه‌شده به مدت ۴ ثانیه بازدم کنید، به مدت ۱ تا ۳ دقیقه یا ۱۰ تا ۳۰ بار  ",
    "h.a44": " برای افراد مبتلا به مشکلات قلبی یا اضطراب شدید، احتیاط بیشتری لازم است. آهسته شروع کنید و به مدت ۳ تا ۵ دقیقه یا ۱۱ تا ۱۸ بار ادامه دهید. ",
    "h.a45": " به آرامی سوراخ بینی راست را ببندید، به مدت ۴ ثانیه دم بگیرید، سپس سوراخ بینی چپ را ببندید و به مدت ۴ ثانیه بازدم کنید و این کار را به‌طور متناوب انجام دهید. ",
    "h.a46": " تکرار به مدت ۲ تا ۵ دقیقه یا ۱۰ تا ۲۵ بار ",
    "h.a47": " تکرار به مدت ۲ تا ۵ دقیقه یا ۱۰ تا ۲۵ بار ",
    "h.a48": "  تا ۶ بار تکرار کنید. ممکن است در ابتدا باعث سرگیجه شود، بنابراین در مکانی ایمن تمرین کنید ۴",
    "h.a49": " بار تکرار کنید و بین هر بار ۳۰ ثانیه استراحت داشته باشید. نباید زیاده‌روی شود و برای کودکان یا افراد دارای فشار خون بالا مناسب نیست ۳",
    "h.a50": " به مدت ۳ تا ۴ دقیقه تکرار کنید. برای افرادی که بیماری زمینه‌ای دارند توصیه نمی‌شود. هنگام نشستن انجام دهید و از انجام آن در دوش یا هنگام رانندگی خودداری کنید. ",
    "h.b1": " بازگشت ",
    "h.b2": " نمودار ",
    "h.t1": " شروع ",
    "notif_morning_title": "صبح بخیر مشتی! 🌞",
    "notif_morning_body": "شنیدم زود بیدار شدی، تمرین‌هاتو یادت نره 💪",
    "notif_noon_title": "اَه اَه، ببین ظهر شد 😅",
    "notif_noon_body": "داشتی می‌رفتی تمرین، یادت هست؟",
    "notif_evening_title": "چه هوای خفنیه امروز! 🌤️",
    "notif_evening_body": "جون می‌ده برای نفس کشیدن ✨"
}