{
    "h.a1": " Respiration cohérente ",
    "h.a2": " Niveau : Débutant ",
    "h.a3": " Utilisation : ",
    "h.a4": " Calme, équilibre du stress ",
    "h.a5": " Respiration diaphragmatique profonde ",
    "h.a6": " Niveau : Débutant ",
    "h.a7": " Utilisation : ",
    "h.a8": " Relaxation, conscience corporelle ",
    "h.a9": " Respiration à lèvres pincées ",
    "h.a10": " Niveau : Débutant ",
    "h.a11": " Utilisation : ",
    "h.a12": " Essoufflement, panique ",
    "h.a13": " Respiration carrée (4-4-4-4) ",
    "h.a14": " Niveau : Débutant ",
    "h.a15": " Utilisation : ",
    "h.a16": " Concentration, anxiété, moments de stress ",
    "h.a17": " Respiration alternée par les narines ",
    "h.a18": " Niveau : Intermédiaire ",
    "h.a19": " Utilisation : ",
    "h.a20": " Équilibre, clarté, pleine conscience ",
    "h.a21": " Respiration 1:2 ",
    "h.a22": " Niveau : Intermédiaire ",
    "h.a23": " Utilisation : ",
    "h.a24": " Anxiété, nervosité ",
    "h.a25": " Respiration résonante ",
    "h.a26": " Niveau : Intermédiaire ",
    "h.a27": " Utilisation : ",
    "h.a28": " Stimulation du nerf vague, repos ",
    "h.a29": " Respiration 4-7-8 ",
    "h.a30": " Niveau : Intermédiaire ",
    "h.a31": " Utilisation : ",
    "h.a32": " Sommeil, anxiété, calme ",
    "h.a33": " Respiration stimulante ",
    "h.a34": " Niveau : Avancé ",
    "h.a35": " Utilisation : ",
    "h.a36": " Énergie, éveil ",
    "h.a37": " Respiration Wim Hof ",
    "h.a38": " Niveau : Avancé ",
    "h.a39": " Utilisation : ",
    "h.a40": " Endurance, concentration, exposition au froid ",
    "h.a41": " Répétez pendant 3 à 5 minutes ou 18 à 30 fois. ",
    "h.a42": " Allongez-vous ou asseyez-vous confortablement et continuez pendant 2 à 10 minutes ou 12 à 20 fois. ",
    "h.a43": " Inspirez par le nez pendant 2 secondes, expirez par les lèvres pendant 4 secondes, pendant 1 à 3 minutes ou 10 à 30 fois. ",
    "h.a44": " Pour les personnes souffrant de problèmes cardiaques ou d’anxiété sévère, soyez prudent. Commencez lentement et continuez pendant 3 à 5 minutes ou 11 à 18 fois. ",
    "h.a45": " Fermez doucement la narine droite, inspirez pendant 4 secondes, puis fermez la gauche et expirez pendant 4 secondes, et alternez. ",
    "h.a46": " Répétez pendant 2 à 5 minutes ou 10 à 25 fois. ",
    "h.a47": " Répétez pendant 5 à 10 minutes ou 30 à 60 fois. ",
    "h.a48": " Répétez 4 à 6 fois. Cela peut provoquer des étourdissements au début, donc pratiquez dans un endroit sûr. ",
    "h.a49": " Répétez 3 fois avec 30 secondes de repos entre chaque. Ne pas en faire trop et déconseillé aux enfants ou aux personnes souffrant d’hypertension. ",
    "h.a50": " Répétez pendant 3 à 4 minutes. Non recommandé pour les personnes ayant des problèmes de santé. Pratiquez assis et évitez de le faire sous la douche ou en conduisant. ",
    "h.b1": " retour ",
    "h.b2": " Graphique ",
    "h.t1": " démarrer ",
    "notif_morning_title": "Salut mon pote, bon matin ! 🌞",
    "notif_morning_body": "T’es levé tôt ? Oublie pas ton entraînement !",
    "notif_noon_title": "Déjà midi ?! 😅",
    "notif_noon_body": "Tu devais t’entraîner, non ?",
    "notif_evening_title": "Quel temps magnifique !",
    "notif_evening_body": "Parfait pour respirer un bon coup. 🌤️"
}