{
    "h.a1": " コヒーレント呼吸 ",
    "h.a2": " レベル：初級 ",
    "h.a3": " 用途： ",
    "h.a4": " 落ち着き、ストレスバランス ",
    "h.a5": " 深い横隔膜呼吸 ",
    "h.a6": " レベル：初級 ",
    "h.a7": " 用途： ",
    "h.a8": " リラックス、身体の意識 ",
    "h.a9": " 口すぼめ呼吸 ",
    "h.a10": " レベル：初級 ",
    "h.a11": " 用途： ",
    "h.a12": " 息切れ、不安発作 ",
    "h.a13": " ボックス呼吸（Box Breathing 4-4-4-4） ",
    "h.a14": " レベル：初級 ",
    "h.a15": " 用途： ",
    "h.a16": " 集中、不安、ストレス時 ",
    "h.a17": " 交互鼻呼吸 ",
    "h.a18": " レベル：中級 ",
    "h.a19": " 用途： ",
    "h.a20": " バランス、明晰さ、マインドフルネス ",
    "h.a21": " 1:2 呼吸法 ",
    "h.a22": " レベル：中級 ",
    "h.a23": " 用途： ",
    "h.a24": " 不安、緊張 ",
    "h.a25": " 共鳴呼吸（Resonant Breathing） ",
    "h.a26": " レベル：中級 ",
    "h.a27": " 用途： ",
    "h.a28": " 迷走神経の刺激、休息 ",
    "h.a29": " 4-7-8 呼吸法 ",
    "h.a30": " レベル：中級 ",
    "h.a31": " 用途： ",
    "h.a32": " 睡眠、不安、落ち着き ",
    "h.a33": " 刺激呼吸 ",
    "h.a34": " レベル：上級 ",
    "h.a35": " 用途： ",
    "h.a36": " エネルギー、覚醒 ",
    "h.a37": " ウィム・ホフ呼吸（Wim Hof Breathing） ",
    "h.a38": " レベル：上級 ",
    "h.a39": " 用途： ",
    "h.a40": " 持久力、集中、寒冷曝露 ",
    "h.a41": " 3〜5分または18〜30回繰り返します。 ",
    "h.a42": " 横になるか楽な姿勢で座り、2〜10分または12〜20回続けます。 ",
    "h.a43": " 鼻から2秒吸い、口をすぼめて4秒吐く。1〜3分または10〜30回繰り返します。 ",
    "h.a44": " 心臓疾患や強い不安がある人は注意が必要です。ゆっくり始めて、3〜5分または11〜18回行ってください。 ",
    "h.a45": " 右の鼻孔を閉じて4秒吸い、左を閉じて4秒吐く。交互に繰り返します。 ",
    "h.a46": " 2〜5分または10〜25回繰り返します。 ",
    "h.a47": " 5〜10分または30〜60回繰り返します。 ",
    "h.a48": " 4〜6回繰り返します。最初はめまいを感じることがあるため、安全な場所で行ってください。 ",
    "h.a49": " 30秒休憩を挟みながら3回繰り返します。やりすぎないでください。子どもや高血圧の方には不向きです。 ",
    "h.a50": " 3〜4分繰り返します。健康上の問題がある場合はおすすめしません。座った状態で行い、シャワー中や運転中は避けてください。 ",
    "h.b1": " 戻る ",
    "h.b2": " チャート ",
    "h.t1": " 開始 ",
    "notif_morning_title": "おはよう、相棒！🌞",
    "notif_morning_body": "早起きしたんだって？トレーニング忘れんなよ！",
    "notif_noon_title": "もう昼かよ！😅",
    "notif_noon_body": "練習行くつもりだっただろ？",
    "notif_evening_title": "いい天気だな！",
    "notif_evening_body": "深呼吸するには最高の日だ。🌤️"
}