{
    "h.a1": " Согласованное дыхание ",
    "h.a2": " Уровень: Начальный ",
    "h.a3": " Используется для: ",
    "h.a4": " Спокойствие, баланс стресса ",
    "h.a5": " Глубокое диафрагмальное дыхание ",
    "h.a6": " Уровень: Начальный ",
    "h.a7": " Используется для: ",
    "h.a8": " Расслабление, осознание тела ",
    "h.a9": " Дыхание с поджатыми губами ",
    "h.a10": " Уровень: Начальный ",
    "h.a11": " Используется для: ",
    "h.a12": " Одышка, паника ",
    "h.a13": " Коробочное дыхание (4-4-4-4) ",
    "h.a14": " Уровень: Начальный ",
    "h.a15": " Используется для: ",
    "h.a16": " Концентрация, тревога, стрессовые моменты ",
    "h.a17": " Альтернативное дыхание через ноздри ",
    "h.a18": " Уровень: Средний ",
    "h.a19": " Используется для: ",
    "h.a20": " Баланс, ясность, осознанность ",
    "h.a21": " Дыхание 1:2 ",
    "h.a22": " Уровень: Средний ",
    "h.a23": " Используется для: ",
    "h.a24": " Тревожность, нервозность ",
    "h.a25": " Резонансное дыхание ",
    "h.a26": " Уровень: Средний ",
    "h.a27": " Используется для: ",
    "h.a28": " Стимуляция блуждающего нерва, отдых ",
    "h.a29": " Дыхание 4-7-8 ",
    "h.a30": " Уровень: Средний ",
    "h.a31": " Используется для: ",
    "h.a32": " Сон, тревога, спокойствие ",
    "h.a33": " Стимулирующее дыхание ",
    "h.a34": " Уровень: Продвинутый ",
    "h.a35": " Используется для: ",
    "h.a36": " Энергия, бодрость ",
    "h.a37": " Дыхание Вима Хофа (Wim Hof) ",
    "h.a38": " Уровень: Продвинутый ",
    "h.a39": " Используется для: ",
    "h.a40": " Выносливость, концентрация, воздействие холода ",
    "h.a41": " Повторяйте в течение 3–5 минут или 18–30 раз. ",
    "h.a42": " Лягте или удобно сядьте и продолжайте 2–10 минут или 12–20 раз. ",
    "h.a43": " Вдохните через нос 2 секунды, выдохните через поджатые губы 4 секунды, в течение 1–3 минут или 10–30 раз. ",
    "h.a44": " Людям с сердечными заболеваниями или сильной тревогой следует соблюдать осторожность. Начинайте медленно и продолжайте 3–5 минут или 11–18 раз. ",
    "h.a45": " Осторожно закройте правую ноздрю, вдохните 4 секунды, затем закройте левую и выдохните 4 секунды, чередуя стороны. ",
    "h.a46": " Повторяйте 2–5 минут или 10–25 раз. ",
    "h.a47": " Повторяйте 5–10 минут или 30–60 раз. ",
    "h.a48": " Повторяйте 4–6 раз. Может вызвать головокружение в начале, поэтому практикуйте в безопасном месте. ",
    "h.a49": " Повторяйте 3 раза с 30-секундным отдыхом между подходами. Не переусердствуйте; не рекомендуется детям или людям с гипертонией. ",
    "h.a50": " Повторяйте 3–4 минуты. Не рекомендуется людям с хроническими заболеваниями. Выполняйте сидя, избегайте выполнения в душе или за рулём. ",
    "h.b1": " назад ",
    "h.b2": " Диаграмма ",
    "h.t1": " начать ",
    "notif_morning_title": "Доброе утро, дружище! 🌞",
    "notif_morning_body": "Слышал, ты рано встал — не пропусти тренировку!",
    "notif_noon_title": "Ого, уже полдень!",
    "notif_noon_body": "Ты же собирался позаниматься, да?",
    "notif_evening_title": "Какая классная погода!",
    "notif_evening_body": "Самое время вдохнуть свежий воздух. 🌤️"
}